epoch,loss,val_loss
0,0.03221283107995987,0.0144966971129179
1,0.009384674951434135,0.01259693130850792
2,0.007419961970299482,0.016824334859848022
3,0.0074077025055885315,0.009337659925222397
4,0.007068442180752754,0.013276292011141777
5,0.006017907522618771,0.00765226362273097
6,0.006225729361176491,0.008428797125816345
7,0.005805771332234144,0.010477693751454353
8,0.005994881968945265,0.0075627281330525875
9,0.006182342767715454,0.007477370090782642
